,method,n_clusters,adjusted_rand_score,completeness_score,davies_bouldin_score,fowlkes_mallows_score,homogeneity_score,mutual_info_score,name,silhouette_score,v_measure_score
0,kmeans++,2,0.5710151828841951,0.4904797668928744,1.1794423310115174,0.7910347628336443,0.5084759708748221,0.3391642068998073,KMeans++_0,0.35346183499220213,0.4993157679290634
1,kmeans++,3,0.4678151064123197,0.34487241284576375,1.9273153127748246,0.7075237421744123,0.5449221817332836,0.36347459895047973,KMeans++_1,0.2581458752192032,0.4224090116358649
2,kmeans++,4,0.45354231952682594,0.3498781012153368,2.0293507215582256,0.6913644489372306,0.6494718191963985,0.4332114142631728,KMeans++_2,0.23484957054694355,0.4547675689005599
3,kmeans++,5,0.3973880918008301,0.2922848324974703,2.119697429389625,0.6456493367030817,0.6413089430490476,0.42776660354817597,KMeans++_3,0.17626873911505614,0.40155554140984273
4,kmeans++,6,0.29784220307905407,0.2611687533252158,2.3975292608406686,0.5623737437491378,0.6505331157458999,0.43391932146649226,KMeans++_4,0.16972801348140612,0.3727071943139174
5,kmeans++,7,0.33102533527435757,0.29342171237879766,2.224483175938475,0.5883078438900524,0.7600293022649424,0.5069555894250167,KMeans++_5,0.19637296036367277,0.42338769668195775
