,method,n_clusters,adjusted_rand_score,completeness_score,davies_bouldin_score,fowlkes_mallows_score,homogeneity_score,mutual_info_score,name,silhouette_score,v_measure_score
0,kmeans,2,0.8337222510377794,0.7339252393677445,0.7628477502434057,0.9253960802491225,0.7252205760854536,0.4671538133267314,KMeans_0,0.5951303507041653,0.7295469435076514
1,kmeans,3,0.7831040374370967,0.5783100900778886,1.5430655153961759,0.8961787725111624,0.798711563384681,0.5144933347000674,KMeans_1,0.5212921642881585,0.6708724659569075
2,kmeans,4,0.7644596607625083,0.5175526919405279,1.6074479074138355,0.8849692062279796,0.8393039104279867,0.5406410618033425,KMeans_2,0.4873705283470484,0.6402798902108889
3,kmeans,5,0.7498081013556762,0.47514339289579116,1.8469880991878185,0.8772402433871792,0.8454267417388356,0.5445851087451137,KMeans_3,0.4865098639656276,0.6083719750723661
4,kmeans,6,0.7297887172483101,0.43881096864186103,1.8080445808898495,0.8658147100280936,0.8554341909718166,0.551031448279625,KMeans_4,0.4443010900701071,0.580066153868029
5,kmeans,7,0.7173202544756956,0.4161609773151824,1.6565509968224181,0.8589135896052061,0.8534729892209756,0.5497681321151089,KMeans_5,0.439793686619097,0.5595032311168026
