,method,n_clusters,adjusted_rand_score,completeness_score,davies_bouldin_score,fowlkes_mallows_score,homogeneity_score,mutual_info_score,name,silhouette_score,v_measure_score
0,kmeans,2,0.8337222510377794,0.7339252393677445,0.7628477502434057,0.9253960802491225,0.7252205760854536,0.4671538133267314,Bisecting KMeans_0,0.5951303507041653,0.7295469435076514
1,kmeans,3,0.5010869107826847,0.4508425927412392,1.2235558286517865,0.730362146247208,0.7630091927410674,0.49149550598291425,Bisecting KMeans_1,0.28108424852582303,0.5667859072334774
2,kmeans,4,0.36755210232552726,0.3629759233982492,1.6112811924702872,0.6328787507219465,0.7630091927410677,0.49149550598291447,Bisecting KMeans_2,0.16643336264823871,0.4919318423073623
3,kmeans,5,0.2890291453772182,0.3129282420537292,1.8982263098267946,0.5637855094262888,0.7697114898072501,0.49581281817145717,Bisecting KMeans_3,0.13623700136541514,0.44495773858199555
4,kmeans,6,0.30177252161400775,0.32375695259996745,1.8340900226862349,0.5702434285182305,0.854145261712371,0.5502011792021693,Bisecting KMeans_4,0.16624233790842044,0.4695389203782774
5,kmeans,7,0.27907965094086784,0.3075708696230452,1.824683095770705,0.5490153092256727,0.8585072762613403,0.553010988793255,Bisecting KMeans_5,0.1651611319230462,0.45288873729324247
