,method,n_clusters,adjusted_rand_score,completeness_score,davies_bouldin_score,fowlkes_mallows_score,homogeneity_score,mutual_info_score,name,silhouette_score,v_measure_score
0,kmeans,2,0.3547133799731882,0.27459665954142587,1.9739228775331215,0.6778716223281621,0.2758138270307143,0.19008308699303958,Bisecting KMeans_0,0.1932081571770985,0.2752038974753223
1,kmeans,3,0.23762248889422036,0.19328067042173155,2.194339352212244,0.568200957361245,0.29285315985683524,0.20182611314498888,Bisecting KMeans_1,0.14495041454643257,0.23286943449221292
2,kmeans,4,0.2452024219346292,0.1847724301962951,2.2792865860941904,0.5353274919118983,0.35870837896417557,0.24721166715179463,Bisecting KMeans_2,0.14772584805155728,0.2439071179546078
3,kmeans,5,0.20582285670485878,0.16686422942958942,2.0790292888129107,0.4908657951116931,0.36997360789294403,0.25497534424338997,Bisecting KMeans_3,0.13939874320037132,0.2299963106112076
4,kmeans,6,0.18050774192273478,0.14767713115426254,1.9036153116692385,0.4511503401036917,0.3734498152398362,0.25737104800718846,Bisecting KMeans_4,0.1520209234056118,0.21165667109066202
5,kmeans,7,0.14801647743500995,0.13830783226541998,1.8968497897810652,0.41209931549354845,0.379211447922837,0.2613418022594139,Bisecting KMeans_5,0.15451782989960786,0.2026896981050055
